"weekday";"date";"segment";"period";"hour";"n_passes_identified";"q50";"q25";"q75";"q10";"q90"
"Weekday";"2023-04-03";"Av Graça Aranha - N/S - 1";"6AM-9AM";6;28;20,9258145362649;17,4364349623427;24,5763544512331;17,0864710965106;27,7397828946362
"Weekday";"2023-04-03";"Av Graça Aranha - N/S - 1";"6AM-9AM";7;23;17,4364349623427;14,0914862144647;18,4382177163904;10,6943467769035;25,7897038047674
"Weekday";"2023-04-03";"Av Graça Aranha - N/S - 1";"6AM-9AM";8;23;18,8501999592894;17,2237955115825;23,2485799497903;13,5621934207503;24,558896630955
"Weekday";"2023-04-03";"Av Graça Aranha - N/S - 1";"4PM-7PM";16;28;11,6242899748952;9,96367712133871;15,4619257767116;8,42761023179899;18,7441675845184
"Weekday";"2023-04-03";"Av Graça Aranha - N/S - 1";"4PM-7PM";17;24;11,6242899748952;9,30426536452107;13,9725525805619;8,71821748117137;17,6000770890379
"Weekday";"2023-04-03";"Av Graça Aranha - N/S - 1";"4PM-7PM";18;22;11,3475211659691;8,71821748117137;18,1247152898036;8,62134839804724;23,2485799497903
"Weekday";"2023-04-03";"Av Passos - N/S - 1";"6AM-9AM";6;38;25,4196585587122;18,0671701093172;25,4196585587122;16,9464390391415;29,6823397631732
"Weekday";"2023-04-03";"Av Passos - N/S - 1";"6AM-9AM";7;46;16,9464390391415;13,6483446653317;19,4313736097848;12,7098292793561;25,4196585587122
"Weekday";"2023-04-03";"Av Passos - N/S - 1";"6AM-9AM";8;63;14,1220325326179;12,7098292793561;16,9464390391415;10,2499366907341;19,4087421473928
"Weekday";"2023-04-03";"Av Passos - N/S - 1";"4PM-7PM";16;70;10,4138142585328;8,72783350513419;12,7098292793561;8,47321951957073;20,0371786267432
"Weekday";"2023-04-03";"Av Passos - N/S - 1";"4PM-7PM";17;57;13,992472601126;12,7098292793561;19,5535835067017;10,1678634234849;25,4196585587122
"Weekday";"2023-04-03";"Av Passos - N/S - 1";"4PM-7PM";18;47;14,525519176407;12,7098292793561;19,3091637128679;10,1678634234849;25,4196585587122
"Weekday";"2023-04-03";"Av Passos - N/S - 1";"7PM-6AM";5;1;16,9464390391415;16,9464390391415;16,9464390391415;16,9464390391415;16,9464390391415
"Weekday";"2023-04-03";"Presidente Vargas - E/O - 1";"6AM-9AM";6;58;44,7673700280776;37,6792031069653;50,2389374759537;30,1433624855722;50,2389374759537
"Weekday";"2023-04-03";"Presidente Vargas - E/O - 1";"6AM-9AM";7;50;36,3178899624556;30,1433624855722;37,6792031069653;29,6409731108127;45,7174331031179
"Weekday";"2023-04-03";"Presidente Vargas - E/O - 1";"6AM-9AM";8;35;37,6792031069653;30,1433624855722;41,4471234176618;29,0129863923633;50,2389374759537
"Weekday";"2023-04-03";"Presidente Vargas - E/O - 1";"9AM-4PM";15;2;27,7325678348805;26,4260182864287;29,0391173833323;25,6420885573576;29,8230471124034
"Weekday";"2023-04-03";"Presidente Vargas - E/O - 1";"4PM-7PM";16;66;11,5936009559893;10,0477874951907;12,8012677222382;9,41980077674132;26,6894355341004
"Weekday";"2023-04-03";"Presidente Vargas - E/O - 1";"4PM-7PM";17;75;10,7654866019901;8,86569484869771;13,1306313857606;8,37315624599228;37,6792031069653
"Weekday";"2023-04-03";"Presidente Vargas - E/O - 1";"4PM-7PM";18;53;9,41980077674132;8,37315624599228;10,7654866019901;7,93246381199269;30,1433624855722
"Weekday";"2023-04-03";"Presidente Vargas - E/O - 1";"7PM-6AM";5;1;50,8034199195037;50,8034199195037;50,8034199195037;50,8034199195037;50,8034199195037
"Weekday";"2023-04-03";"Presidente Vargas - E/O - 2";"6AM-9AM";6;21;17,7898900372957;12,5641098388401;20,7243048888084;11,1268869421462;25,1282196776802
"Weekday";"2023-04-03";"Presidente Vargas - E/O - 2";"6AM-9AM";7;20;13,4017171614294;12,9952312548787;17,1328770529637;11,3782276384528;20,1025757421441
"Weekday";"2023-04-03";"Presidente Vargas - E/O - 2";"6AM-9AM";8;25;17,7898900372957;13,4017171614294;20,1025757421441;11,7369944660118;24,7649201160751
"Weekday";"2023-04-03";"Presidente Vargas - E/O - 2";"4PM-7PM";16;23;10,0512878710721;9,13753442824733;12,1945771965213;7,933457985194;14,9635714170847
"Weekday";"2023-04-03";"Presidente Vargas - E/O - 2";"4PM-7PM";17;22;9,81197149318939;8,46711750008788;11,0211489814387;7,20608204513367;13,2440499007067
"Weekday";"2023-04-03";"Presidente Vargas - E/O - 2";"4PM-7PM";18;26;9,57265511530673;8,46711750008788;11,0211489814387;7,48647648328126;11,8250445542024
"Weekday";"2023-04-03";"Presidente Vargas - O/E - 1";"6AM-9AM";6;70;29,9107461596433;29,9107461596433;37,3884326995541;24,9256217997028;37,3884326995541
"Weekday";"2023-04-03";"Presidente Vargas - O/E - 1";"6AM-9AM";7;62;29,9107461596433;29,9107461596433;37,3884326995541;24,9256217997028;37,3884326995541
"Weekday";"2023-04-03";"Presidente Vargas - O/E - 1";"6AM-9AM";8;61;29,9107461596433;24,9256217997028;37,3884326995541;21,3648186854595;37,3884326995541
"Weekday";"2023-04-03";"Presidente Vargas - O/E - 1";"9AM-4PM";15;1;29,9107461596433;29,9107461596433;29,9107461596433;29,9107461596433;29,9107461596433
"Weekday";"2023-04-03";"Presidente Vargas - O/E - 1";"4PM-7PM";16;47;37,3884326995541;37,3884326995541;37,3884326995541;29,9107461596433;46,8601689834412
"Weekday";"2023-04-03";"Presidente Vargas - O/E - 1";"4PM-7PM";17;52;37,3884326995541;37,3884326995541;37,3884326995541;29,9107461596433;49,8512435994055
"Weekday";"2023-04-03";"Presidente Vargas - O/E - 1";"4PM-7PM";18;42;37,3884326995541;36,4838738439198;37,3884326995541;29,9107461596433;49,8512435994055
"Weekday";"2023-04-03";"Presidente Vargas - O/E - 2";"6AM-9AM";6;12;11,4587027174038;10,7869604011608;14,275295712168;9,09701846807774;18,2472367099591
"Weekday";"2023-04-03";"Presidente Vargas - O/E - 2";"6AM-9AM";7;14;14,2830762231913;12,2692840113311;16,497315815484;10,9335151875168;19,6344524486316
"Weekday";"2023-04-03";"Presidente Vargas - O/E - 2";"6AM-9AM";8;15;12,6155944471348;11,7705512284726;14,7406092900424;10,9347074245088;15,5268854733967
"Weekday";"2023-04-03";"Presidente Vargas - O/E - 2";"4PM-7PM";16;13;13,638480483389;11,8735006561269;18,294517627265;10,4915508115577;20,1849511154157
"Weekday";"2023-04-03";"Presidente Vargas - O/E - 2";"4PM-7PM";17;5;18,3499555594688;16,4105293621266;20,1849511154157;12,9496092857554;21,53061452311
"Weekday";"2023-04-03";"Presidente Vargas - O/E - 2";"4PM-7PM";18;5;13,4566340769438;7,20891111264845;20,1849511154157;7,05976122755917;21,53061452311
"Weekday";"2023-04-03";"R Camerino - N/S - 1";"6AM-9AM";6;17;29,0802020326174;16,3066553453929;29,0802020326174;13,709238101091;34,4706785069562
"Weekday";"2023-04-03";"R Camerino - N/S - 1";"6AM-9AM";7;12;10,8012178978293;9,59027939373552;13,8571065510937;8,40585779119122;21,3231287234313
"Weekday";"2023-04-03";"R Camerino - N/S - 1";"6AM-9AM";8;13;8,30862915217639;5,81604040652347;9,8023152918935;4,29279172862447;12,806119941068
"Weekday";"2023-04-03";"R Camerino - N/S - 1";"4PM-7PM";16;10;10,9178302368072;8,93384316176181;13,4613193280019;7,27005050815434;15,8950925088679
"Weekday";"2023-04-03";"R Camerino - N/S - 1";"4PM-7PM";17;11;8,30862915217639;7,56478228551195;9,18702900035425;5,70200039855243;11,6320808130469
"Weekday";"2023-04-03";"R Camerino - N/S - 1";"4PM-7PM";18;7;6,68510391554422;5,55025361375224;9,97035498261167;4,56974603369702;13,8893955054798
"Weekday";"2023-04-03";"R Camerino - N/S - 1";"7PM-6AM";5;4;29,0802020326174;26,6568518632326;29,0802020326174;22,29482155834;29,0802020326174
"Weekday";"2023-04-03";"R da Carioca - O/E - 1";"6AM-9AM";6;16;14,8492667436;12,4789704776764;21,5202766656646;11,3542564002893;22,7085128005786
"Weekday";"2023-04-03";"R da Carioca - O/E - 1";"6AM-9AM";7;14;11,3542564002893;10,0926723558127;15,139008533719;8,50537024894397;18,3386584454402
"Weekday";"2023-04-03";"R da Carioca - O/E - 1";"6AM-9AM";8;30;10,9758793392319;9,08340512023142;13,2136642428454;8,18882734323894;16,5908941714107
"Weekday";"2023-04-03";"R da Carioca - O/E - 1";"4PM-7PM";16;26;7,70001296111572;6,47658805866518;8,91221168687903;5,51015384131686;10,0926723558127
"Weekday";"2023-04-03";"R da Carioca - O/E - 1";"4PM-7PM";17;21;8,2326934624454;6,98723470787033;11,3542564002893;5,88557567185621;15,139008533719
"Weekday";"2023-04-03";"R da Carioca - O/E - 1";"4PM-7PM";18;19;11,3542564002893;9,58803873802206;14,8948309767236;6,88741706918647;15,9498435670504
"Weekday";"2023-04-03";"R Primeiro de Março - S/N";"6AM-9AM";6;16;23,4798744173624;18,7838995338899;28,9585117814136;17,2185745727324;39,1331240289373
"Weekday";"2023-04-03";"R Primeiro de Março - S/N";"6AM-9AM";7;26;18,7838995338899;17,6099058130218;21,077282616516;15,6532496115749;23,4798744173624
"Weekday";"2023-04-03";"R Primeiro de Março - S/N";"6AM-9AM";8;16;17,6652828753269;15,4669014019133;18,7838995338899;13,7524978730265;19,1752307741793
"Weekday";"2023-04-03";"R Primeiro de Março - S/N";"9AM-4PM";14;1;12,8072042276522;12,8072042276522;12,8072042276522;12,8072042276522;12,8072042276522
"Weekday";"2023-04-03";"R Primeiro de Março - S/N";"4PM-7PM";16;16;15,6532496115749;15,4621521960709;15,6532496115749;12,9139309295493;18,1969026734558
"Weekday";"2023-04-03";"R Primeiro de Março - S/N";"4PM-7PM";17;18;15,6532496115749;13,4170710956356;17,6099058130218;11,3486059683918;20,3959506132909
"Weekday";"2023-04-03";"R Primeiro de Março - S/N";"4PM-7PM";18;21;15,6532496115749;13,4170710956356;15,6532496115749;10,5527525471292;18,659502848235
"Weekday";"2023-04-03";"R Primeiro de Março - S/N";"7PM-6AM";5;1;31,3064992231498;31,3064992231498;31,3064992231498;31,3064992231498;31,3064992231498
"Weekday";"2023-04-03";"Senador Pompeu - O/E";"6AM-9AM";6;35;19,7066984335336;14,7800238251502;20,8919405510715;12,1618481761236;28,6505077225989
"Weekday";"2023-04-03";"Senador Pompeu - O/E";"6AM-9AM";7;28;17,8256044921509;14,7800238251502;21,9647576290427;11,8240190601202;25,8751649980027
"Weekday";"2023-04-03";"Senador Pompeu - O/E";"6AM-9AM";8;34;15,1589987950259;13,5178179337462;19,7066984335336;11,8240190601202;20,0866411638022
"Weekday";"2023-04-03";"Senador Pompeu - O/E";"4PM-7PM";16;11;14,0762131668097;10,134873480103;15,835739812661;8,44572790008584;19,7066984335336
"Weekday";"2023-04-03";"Senador Pompeu - O/E";"4PM-7PM";17;19;14,419535439171;11,1900347565623;19,3888484587992;8,44572790008584;20,9157524798364
"Weekday";"2023-04-03";"Senador Pompeu - O/E";"4PM-7PM";18;21;18,6695037791371;15,5579198159476;19,7066984335336;14,7800238251502;20,6232890583492
"Weekday";"2023-04-03";"Senador Pompeu - O/E";"7PM-6AM";5;3;14,7800238251502;12,3166865209585;14,7800238251502;10,8386841384435;14,7800238251502
"Weekday";"2023-04-04";"Av Graça Aranha - N/S - 1";"6AM-9AM";6;25;21,1350726816276;15,9723068357338;25,2093035600136;14,1020153448865;31,3924073686014
"Weekday";"2023-04-04";"Av Graça Aranha - N/S - 1";"6AM-9AM";7;24;20,9237219548113;17,2958185513561;26,7816475363381;12,5066792593531;34,068111387962
"Weekday";"2023-04-04";"Av Graça Aranha - N/S - 1";"6AM-9AM";8;24;17,8103254831232;13,9491479698742;19,6959011032214;11,029965374675;22,8126690757317
"Weekday";"2023-04-04";"Av Graça Aranha - N/S - 1";"4PM-7PM";16;24;12,1469409611797;9,94017788284498;15,8137010516138;8,88023745206039;17,4364349623427
"Weekday";"2023-04-04";"Av Graça Aranha - N/S - 1";"4PM-7PM";17;24;11,592178676622;9,5107827067324;12,6060409264504;8,31010243836021;15,0805448421181
"Weekday";"2023-04-04";"Av Graça Aranha - N/S - 1";"4PM-7PM";18;16;9,11450009395189;8,54285103758459;11,6242899748952;7,3620503174336;13,9854738760457
"Weekday";"2023-04-04";"Av Graça Aranha - N/S - 1";"7PM-6AM";5;1;23,2485799497903;23,2485799497903;23,2485799497903;23,2485799497903;23,2485799497903
"Weekday";"2023-04-04";"Av Passos - N/S - 1";"6AM-9AM";6;45;22,1040509206193;16,9464390391415;25,4196585587122;12,7959976134534;28,8958511821258
"Weekday";"2023-04-04";"Av Passos - N/S - 1";"6AM-9AM";7;73;12,7098292793561;10,1678634234849;15,8872865991951;6,9240479302783;16,9464390391415
"Weekday";"2023-04-04";"Av Passos - N/S - 1";"6AM-9AM";8;69;12,7098292793561;10,1678634234849;16,9464390391415;8,47321951957073;16,9464390391415
"Weekday";"2023-04-04";"Av Passos - N/S - 1";"9AM-4PM";15;2;10,3796939114741;10,2737786674795;10,4856091554688;10,2102295210827;10,5491583018656
"Weekday";"2023-04-04";"Av Passos - N/S - 1";"4PM-7PM";16;45;15,563056260436;12,7098292793561;18,1568989705087;10,1678634234849;25,4196585587122
"Weekday";"2023-04-04";"Av Passos - N/S - 1";"4PM-7PM";17;53;13,7403559776823;10,1678634234849;16,9464390391415;8,91515304355781;24,8885015142018
"Weekday";"2023-04-04";"Av Passos - N/S - 1";"4PM-7PM";18;45;12,7098292793561;10,1678634234849;18,1568989705087;10,02130676331;24,2234393324199
"Weekday";"2023-04-04";"Av Passos - N/S - 1";"7PM-6AM";5;1;25,4196585587122;25,4196585587122;25,4196585587122;25,4196585587122;25,4196585587122
"Weekday";"2023-04-04";"Presidente Vargas - E/O - 1";"6AM-9AM";6;54;37,6792031069653;37,6792031069653;50,2389374759537;31,615480188356;50,2389374759537
"Weekday";"2023-04-04";"Presidente Vargas - E/O - 1";"6AM-9AM";7;52;36,3648123009083;30,1433624855722;41,4816914939067;25,1194687379768;50,2389374759537
"Weekday";"2023-04-04";"Presidente Vargas - E/O - 1";"6AM-9AM";8;39;37,6792031069653;30,1433624855722;43,7360469708887;25,1194687379768;50,2389374759537
"Weekday";"2023-04-04";"Presidente Vargas - E/O - 1";"4PM-7PM";16;47;16,7463124919846;15,1478008450224;18,8396015534826;15,0716812427861;30,1433624855722
"Weekday";"2023-04-04";"Presidente Vargas - E/O - 1";"4PM-7PM";17;57;8,86569484869771;7,93246381199269;18,8396015534826;7,77381453575284;37,6792031069653
"Weekday";"2023-04-04";"Presidente Vargas - E/O - 1";"4PM-7PM";18;61;10,0477874951907;8,37315624599228;13,7015284025328;7,93246381199269;37,6792031069653
"Weekday";"2023-04-04";"Presidente Vargas - E/O - 1";"7PM-6AM";5;1;50,2389374759537;50,2389374759537;50,2389374759537;50,2389374759537;50,2389374759537
"Weekday";"2023-04-04";"Presidente Vargas - E/O - 2";"6AM-9AM";6;21;18,2750688564947;14,3589826729601;22,336195269049;12,9138602197928;22,336195269049
"Weekday";"2023-04-04";"Presidente Vargas - E/O - 2";"6AM-9AM";7;22;16,5478519828625;14,3589826729601;19,6456990207318;13,4017171614294;22,1128333163585
"Weekday";"2023-04-04";"Presidente Vargas - E/O - 2";"6AM-9AM";8;17;18,2750688564947;14,781305692753;22,336195269049;11,9638811096971;24,1183963122153
"Weekday";"2023-04-04";"Presidente Vargas - E/O - 2";"9AM-4PM";15;2;11,062414869185;8,88163672494987;13,2431930134202;7,57316983840877;14,5516598999613
"Weekday";"2023-04-04";"Presidente Vargas - E/O - 2";"4PM-7PM";16;12;11,3167225079878;8,64920604847687;12,390678874807;8,07453458976122;14,1794953895481
"Weekday";"2023-04-04";"Presidente Vargas - E/O - 2";"4PM-7PM";17;28;9,33241075491611;7,9637126978494;10,5803030221811;6,80334025172159;13,4017171614294
"Weekday";"2023-04-04";"Presidente Vargas - E/O - 2";"4PM-7PM";18;28;7,5885791619205;6,66801123473081;11,1680976345245;6,4239077724392;12,2980463363705
"Weekday";"2023-04-04";"Presidente Vargas - O/E - 1";"6AM-9AM";6;68;37,3884326995541;29,9107461596433;37,3884326995541;24,9256217997028;37,3884326995541
"Weekday";"2023-04-04";"Presidente Vargas - O/E - 1";"6AM-9AM";7;63;29,9107461596433;29,9107461596433;37,3884326995541;24,8154533055604;37,3884326995541
"Weekday";"2023-04-04";"Presidente Vargas - O/E - 1";"6AM-9AM";8;68;29,9107461596433;24,8911941452833;29,9107461596433;20,4927594393528;37,3884326995541
"Weekday";"2023-04-04";"Presidente Vargas - O/E - 1";"4PM-7PM";16;40;37,3884326995541;37,3884326995541;37,3884326995541;29,9107461596433;49,8512435994055
"Weekday";"2023-04-04";"Presidente Vargas - O/E - 1";"4PM-7PM";17;48;37,3884326995541;30,1114894224597;37,3884326995541;29,9107461596433;42,5397278714927
"Weekday";"2023-04-04";"Presidente Vargas - O/E - 1";"4PM-7PM";18;37;37,3884326995541;37,3884326995541;37,3884326995541;29,9107461596433;42,3735570594947
"Weekday";"2023-04-04";"Presidente Vargas - O/E - 1";"7PM-6AM";5;1;24,9256217997028;24,9256217997028;24,9256217997028;24,9256217997028;24,9256217997028
"Weekday";"2023-04-04";"Presidente Vargas - O/E - 2";"6AM-9AM";6;13;12,6155944471348;10,7366761252211;20,1849511154157;9,94711748093561;21,9791689923415
"Weekday";"2023-04-04";"Presidente Vargas - O/E - 2";"6AM-9AM";7;10;14,0065446041266;11,7745548173258;17,0360776522625;8,04292667521947;18,5334551150635
"Weekday";"2023-04-04";"Presidente Vargas - O/E - 2";"6AM-9AM";8;15;12,2580674789974;10,9139060469064;13,852417432148;9,61799396778153;15,8596044478266
"Weekday";"2023-04-04";"Presidente Vargas - O/E - 2";"4PM-7PM";16;5;16,9147635045383;15,5268854733967;18,3499555594688;14,8614475245368;20,7966163007313
"Weekday";"2023-04-04";"Presidente Vargas - O/E - 2";"4PM-7PM";17;7;20,1849511154157;19,2674533374422;21,3063372884943;15,0469635587644;24,9908918571813
"Weekday";"2023-04-04";"Presidente Vargas - O/E - 2";"4PM-7PM";18;5;13,4566340769438;13,4566340769438;15,5268854733967;11,4381389654022;18,3217248586081
"Weekday";"2023-04-04";"R Camerino - N/S - 1";"6AM-9AM";6;23;21,810151524463;17,4481212195704;29,0802020326174;12,2136848536993;29,8824145024827
"Weekday";"2023-04-04";"R Camerino - N/S - 1";"6AM-9AM";7;19;11,6320808130469;9,69340067753913;16,9634511856935;9,10901384243389;25,4758953018141
"Weekday";"2023-04-04";"R Camerino - N/S - 1";"6AM-9AM";8;19;5,28730946047589;4,79376551957825;5,81604040652347;4,40996470384747;7,56085252848052
"Weekday";"2023-04-04";"R Camerino - N/S - 1";"9AM-4PM";15;1;14,5401010163087;14,5401010163087;14,5401010163087;14,5401010163087;14,5401010163087
"Weekday";"2023-04-04";"R Camerino - N/S - 1";"4PM-7PM";16;5;7,27005050815434;4,14444684550366;14,5401010163087;3,71049888168034;17,4481212195704
"Weekday";"2023-04-04";"R Camerino - N/S - 1";"4PM-7PM";17;7;4,47387723578729;4,01583742355192;4,84670033876956;3,61886958628127;4,84670033876956
"Weekday";"2023-04-04";"R Camerino - N/S - 1";"4PM-7PM";18;2;4,4692027819885;4,05211401803284;4,88629154594416;3,80186075965944;5,13654480431756
"Weekday";"2023-04-04";"R Camerino - N/S - 1";"7PM-6AM";5;2;29,0802020326174;29,0802020326174;29,0802020326174;29,0802020326174;29,0802020326174
"Weekday";"2023-04-04";"R da Carioca - O/E - 1";"6AM-9AM";6;22;18,1668102404628;15,139008533719;21,8974944862722;11,5164600631506;25,4078265863077
"Weekday";"2023-04-04";"R da Carioca - O/E - 1";"6AM-9AM";7;16;12,0442059462148;9,93497435025312;14,1591996057753;7,81128204442506;17,3410461386236
"Weekday";"2023-04-04";"R da Carioca - O/E - 1";"6AM-9AM";8;21;10,0926723558127;7,99126550166988;11,3542564002893;7,56950426685952;14,8908280659532
"Weekday";"2023-04-04";"R da Carioca - O/E - 1";"9AM-4PM";15;1;12,3864615275883;12,3864615275883;12,3864615275883;12,3864615275883;12,3864615275883
"Weekday";"2023-04-04";"R da Carioca - O/E - 1";"4PM-7PM";16;16;11,9850484225276;7,3149785563344;14,212130460226;6,08263735729783;15,139008533719
"Weekday";"2023-04-04";"R da Carioca - O/E - 1";"4PM-7PM";17;9;11,3542564002893;9,73221977167653;12,976293028902;8,91825229986358;15,7445688750678
"Weekday";"2023-04-04";"R da Carioca - O/E - 1";"4PM-7PM";18;16;10,0926723558127;8,01143640220012;11,7597655574425;7,07917200665809;16,3695589599893
"Weekday";"2023-04-04";"R da Carioca - O/E - 1";"7PM-6AM";5;2;20,4376615205207;19,3022358804918;21,5730871605496;18,6209804964744;22,254342544567
"Weekday";"2023-04-04";"R Primeiro de Março - S/N";"6AM-9AM";6;17;18,7838995338899;18,7838995338899;27,8968804958761;14,7587782051992;31,3064992231498
"Weekday";"2023-04-04";"R Primeiro de Março - S/N";"6AM-9AM";7;19;17,6099058130218;15,6532496115749;22,5768023243869;13,4170710956356;23,4798744173624
"Weekday";"2023-04-04";"R Primeiro de Março - S/N";"6AM-9AM";8;20;15,6100085905485;13,4170710956356;18,7838995338899;12,622666125133;18,8353622723389
"Weekday";"2023-04-04";"R Primeiro de Março - S/N";"9AM-4PM";14;1;16,973403193274;16,973403193274;16,973403193274;16,973403193274;16,973403193274
"Weekday";"2023-04-04";"R Primeiro de Março - S/N";"4PM-7PM";16;25;14,9078567729285;13,2280982633027;17,5005275160465;10,6193220985131;18,7838995338899
"Weekday";"2023-04-04";"R Primeiro de Março - S/N";"4PM-7PM";17;16;13,4491693518453;13,047533120544;16,8407375131427;10,8755509349496;18,7838995338899
"Weekday";"2023-04-04";"R Primeiro de Março - S/N";"4PM-7PM";18;17;17,720659937632;13,5460813946321;18,7838995338899;13,4170710956356;20,6622894872789
"Weekday";"2023-04-04";"Senador Pompeu - O/E";"6AM-9AM";6;40;20,5377037891646;19,0516131284629;29,5600476503005;15,2387142197239;29,5600476503005
"Weekday";"2023-04-04";"Senador Pompeu - O/E";"6AM-9AM";7;25;19,7066984335336;14,7800238251502;22,1700357377253;12,0829794030026;29,5600476503005
"Weekday";"2023-04-04";"Senador Pompeu - O/E";"6AM-9AM";8;31;14,7800238251502;14,7800238251502;17,4777369116825;9,85334921676682;19,7066984335336
"Weekday";"2023-04-04";"Senador Pompeu - O/E";"4PM-7PM";16;15;13,3353598422408;10,9221870979076;18,8109394138276;9,00877642675824;19,7066984335336
"Weekday";"2023-04-04";"Senador Pompeu - O/E";"4PM-7PM";17;16;13,9106106589649;11,8240190601202;14,7800238251502;10,8386841384435;15,9070719739793
"Weekday";"2023-04-04";"Senador Pompeu - O/E";"4PM-7PM";18;12;19,7066984335336;14,7800238251502;20,5384746661178;13,8519758175245;27,2446705413281
"Weekday";"2023-04-04";"Senador Pompeu - O/E";"7PM-6AM";5;2;29,5600476503005;29,5600476503005;29,5600476503005;29,5600476503005;29,5600476503005
"Weekday";"2023-04-05";"Av Graça Aranha - N/S - 1";"6AM-9AM";6;35;22,0249704787487;18,7690667575339;26,1546524435141;17,4364349623427;32,0570481295245
"Weekday";"2023-04-05";"Av Graça Aranha - N/S - 1";"6AM-9AM";7;19;17,4364349623427;12,701034382224;20,9237219548113;10,2793579806286;23,2485799497903
"Weekday";"2023-04-05";"Av Graça Aranha - N/S - 1";"6AM-9AM";8;23;14,5303624686189;11,9661808565097;17,4364349623427;10,763645428677;22,7421752380127
"Weekday";"2023-04-05";"Av Graça Aranha - N/S - 1";"4PM-7PM";16;27;11,6242899748952;9,96367712133871;15,0530373775621;9,78251935549618;20,1139649178597
"Weekday";"2023-04-05";"Av Graça Aranha - N/S - 1";"4PM-7PM";17;17;11,6242899748952;7,74952664993011;13,5868324381891;7,11887551565993;17,4364349623427
"Weekday";"2023-04-05";"Av Graça Aranha - N/S - 1";"4PM-7PM";18;9;11,6242899748952;9,77744016579967;15,6147178767248;8,57792432630194;17,7534610525672
"Weekday";"2023-04-05";"Av Graça Aranha - N/S - 1";"7PM-6AM";5;1;25,2093035600136;25,2093035600136;25,2093035600136;25,2093035600136;25,2093035600136
"Weekday";"2023-04-05";"Av Passos - N/S - 1";"6AM-9AM";6;38;25,4196585587122;17,7980367957342;27,1528170968062;16,9464390391415;39,1071670134034
"Weekday";"2023-04-05";"Av Passos - N/S - 1";"6AM-9AM";7;51;15,4058536719468;12,7098292793561;18,4931378403329;10,1678634234849;25,4196585587122
"Weekday";"2023-04-05";"Av Passos - N/S - 1";"6AM-9AM";8;59;13,3787676624801;12,7098292793561;16,9464390391415;10,1678634234849;16,9845209246227
"Weekday";"2023-04-05";"Av Passos - N/S - 1";"4PM-7PM";16;54;12,7098292793561;10,1678634234849;16,9464390391415;8,47321951957073;20,7703920041426
"Weekday";"2023-04-05";"Av Passos - N/S - 1";"4PM-7PM";17;68;13,4442276160943;10,7469212825443;16,9464390391415;9,75810998566928;25,4196585587122
"Weekday";"2023-04-05";"Av Passos - N/S - 1";"4PM-7PM";18;37;12,7098292793561;11,732150104021;16,9464390391415;9,68937573296795;22,890018097201
"Weekday";"2023-04-05";"Presidente Vargas - E/O - 1";"6AM-9AM";6;37;37,6792031069653;37,6792031069653;50,2389374759537;30,1433624855722;50,2389374759537
"Weekday";"2023-04-05";"Presidente Vargas - E/O - 1";"6AM-9AM";7;48;37,6792031069653;35,8143156641009;50,2389374759537;30,1433624855722;50,2389374759537
"Weekday";"2023-04-05";"Presidente Vargas - E/O - 1";"6AM-9AM";8;39;37,6792031069653;30,1433624855722;45,2150437283583;30,1433624855722;50,2389374759537
"Weekday";"2023-04-05";"Presidente Vargas - E/O - 1";"9AM-4PM";15;3;21,5309732039802;21,5309732039802;25,8371678447762;21,5309732039802;28,4208846292538
"Weekday";"2023-04-05";"Presidente Vargas - E/O - 1";"4PM-7PM";16;49;16,7463124919846;13,7015284025328;25,1194687379768;10,7654866019901;37,6792031069653
"Weekday";"2023-04-05";"Presidente Vargas - E/O - 1";"4PM-7PM";17;52;7,0138776346299;6,02867249711444;30,1433624855722;5,58210416399486;37,6792031069653
"Weekday";"2023-04-05";"Presidente Vargas - E/O - 1";"4PM-7PM";18;39;7,17699106799339;6,27986718449421;35,0504214948514;5,50510962380182;37,6792031069653
"Weekday";"2023-04-05";"Presidente Vargas - E/O - 2";"6AM-9AM";6;28;20,1025757421441;15,4635198016493;22,336195269049;14,3589826729601;25,1282196776802
"Weekday";"2023-04-05";"Presidente Vargas - E/O - 2";"6AM-9AM";7;20;15,9035386577938;14,2580931878736;20,7878908242627;13,9921424629469;25,369175208836
"Weekday";"2023-04-05";"Presidente Vargas - E/O - 2";"6AM-9AM";8;20;17,5369393344357;15,4635198016493;20,6609806238704;14,263256121807;25,1816839748667
"Weekday";"2023-04-05";"Presidente Vargas - E/O - 2";"4PM-7PM";16;12;10,297298413371;8,37607322589339;12,0098108753618;7,53020343896284;13,0814555380864
"Weekday";"2023-04-05";"Presidente Vargas - E/O - 2";"4PM-7PM";17;28;8,56982761442986;7,12359564268392;9,57265511530673;6,12969682039015;10,1606542157832
"Weekday";"2023-04-05";"Presidente Vargas - E/O - 2";"4PM-7PM";18;23;8,37607322589339;7,31672348006791;9,99382544473696;6,98143640305991;11,3973033200007
"Weekday";"2023-04-05";"Presidente Vargas - O/E - 1";"6AM-9AM";6;60;31,3887233426785;29,9107461596433;37,3884326995541;24,9256217997028;37,3884326995541
"Weekday";"2023-04-05";"Presidente Vargas - O/E - 1";"6AM-9AM";7;49;29,9107461596433;29,9107461596433;37,3884326995541;24,9256217997028;37,3884326995541
"Weekday";"2023-04-05";"Presidente Vargas - O/E - 1";"6AM-9AM";8;62;29,9107461596433;24,9256217997028;34,3816706293103;21,707127935116;37,3884326995541
"Weekday";"2023-04-05";"Presidente Vargas - O/E - 1";"4PM-7PM";16;39;37,3884326995541;37,3884326995541;41,6066148502731;29,9107461596433;49,8512435994055
"Weekday";"2023-04-05";"Presidente Vargas - O/E - 1";"4PM-7PM";17;29;37,3884326995541;37,3884326995541;39,0140167299695;29,9107461596433;49,8512435994055
"Weekday";"2023-04-05";"Presidente Vargas - O/E - 1";"4PM-7PM";18;39;37,3884326995541;37,3884326995541;39,2450011682104;29,9107461596433;49,8512435994055
"Weekday";"2023-04-05";"Presidente Vargas - O/E - 1";"7PM-6AM";5;3;29,9107461596433;29,9107461596433;33,6495894295987;29,9107461596433;35,892895391572
"Weekday";"2023-04-05";"Presidente Vargas - O/E - 2";"6AM-9AM";6;9;11,8735006561269;11,2138617307865;12,6155944471348;10,4213030821444;17,4936243000269
"Weekday";"2023-04-05";"Presidente Vargas - O/E - 2";"6AM-9AM";7;14;14,3934883481234;11,2233811380282;15,5268854733967;8,84598359821894;16,6580107323457
"Weekday";"2023-04-05";"Presidente Vargas - O/E - 2";"6AM-9AM";8;11;14,2482007873522;12,2445475516308;15,5268854733967;11,2138617307865;16,8207925961797
"Weekday";"2023-04-05";"Presidente Vargas - O/E - 2";"4PM-7PM";16;7;14,4178222252969;13,0361142620393;24,9257503199746;11,818820061;31,5327097026892
"Weekday";"2023-04-05";"Presidente Vargas - O/E - 2";"4PM-7PM";17;7;20,1849511154157;17,1565276335147;27,0334166724317;12,8681966834756;32,440100006918
"Weekday";"2023-04-05";"Presidente Vargas - O/E - 2";"4PM-7PM";18;6;14,5936493256054;14,3158093321934;16,3079635536133;13,9601427589406;21,0259907452247
"Weekday";"2023-04-05";"R Camerino - N/S - 1";"6AM-9AM";6;13;23,5785421886087;14,5401010163087;29,0802020326174;12,4808760213988;29,0802020326174
"Weekday";"2023-04-05";"R Camerino - N/S - 1";"6AM-9AM";7;9;14,5401010163087;12,4629437282646;19,3868013550783;9,34091338017407;20,2251495217843
"Weekday";"2023-04-05";"R Camerino - N/S - 1";"6AM-9AM";8;14;7,6186145736138;5,29132717283187;8,72406060978521;4,53129598105942;14,7421989626497
"Weekday";"2023-04-05";"R Camerino - N/S - 1";"4PM-7PM";16;10;8,67455323400799;8,30862915217639;9,858629098179;7,26404220194926;11,7626769190295
"Weekday";"2023-04-05";"R Camerino - N/S - 1";"4PM-7PM";17;5;5,68342710735193;3,87736027101565;6,2989607290868;3,21266993884154;6,39694456265037
"Weekday";"2023-04-05";"R Camerino - N/S - 1";"4PM-7PM";18;2;4,66028878727843;4,56708301153286;4,75349456302399;4,51115954608552;4,80941802847134
"Weekday";"2023-04-05";"R Camerino - N/S - 1";"7PM-6AM";5;1;29,0802020326174;29,0802020326174;29,0802020326174;29,0802020326174;29,0802020326174
"Weekday";"2023-04-05";"R da Carioca - O/E - 1";"6AM-9AM";6;18;18,1668102404628;15,139008533719;18,1668102404628;12,976293028902;20,8822702974583
"Weekday";"2023-04-05";"R da Carioca - O/E - 1";"6AM-9AM";7;21;12,976293028902;11,3542564002893;17,1385002268517;10,6446153752712;18,7932519728926
"Weekday";"2023-04-05";"R da Carioca - O/E - 1";"6AM-9AM";8;14;9,08340512023142;8,2576410183922;9,64832132536897;7,03675054438279;10,0926723558127
"Weekday";"2023-04-05";"R da Carioca - O/E - 1";"4PM-7PM";16;33;10,0926723558127;8,2576410183922;11,3542564002893;6,84749001371292;14,8362283630447
"Weekday";"2023-04-05";"R da Carioca - O/E - 1";"4PM-7PM";17;30;11,3542564002893;8,32215383884839;13,4120640634547;8,18882734323894;15,4417887043934
"Weekday";"2023-04-05";"R da Carioca - O/E - 1";"4PM-7PM";18;16;9,08340512023142;7,56950426685952;10,3054696645196;7,27836948736492;11,9559796657424
"Weekday";"2023-04-05";"R Primeiro de Março - S/N";"6AM-9AM";6;21;23,4798744173624;23,4798744173624;31,3064992231498;19,7033911194649;31,3064992231498
"Weekday";"2023-04-05";"R Primeiro de Março - S/N";"6AM-9AM";7;16;23,4798744173624;18,7838995338899;24,6538681382305;15,6532496115749;31,3064992231498
"Weekday";"2023-04-05";"R Primeiro de Março - S/N";"6AM-9AM";8;11;21,841743644058;18,7838995338899;23,4798744173624;18,2960060395032;23,4798744173624
"Weekday";"2023-04-05";"R Primeiro de Março - S/N";"9AM-4PM";11;1;13,7443167321146;13,7443167321146;13,7443167321146;13,7443167321146;13,7443167321146
"Weekday";"2023-04-05";"R Primeiro de Março - S/N";"9AM-4PM";14;1;17,1803959151432;17,1803959151432;17,1803959151432;17,1803959151432;17,1803959151432
"Weekday";"2023-04-05";"R Primeiro de Março - S/N";"9AM-4PM";15;1;16,1004853147628;16,1004853147628;16,1004853147628;16,1004853147628;16,1004853147628
"Weekday";"2023-04-05";"R Primeiro de Março - S/N";"4PM-7PM";16;23;12,8072042276522;11,0108863210192;15,6532496115749;9,60065976176595;19,8572652215408
"Weekday";"2023-04-05";"R Primeiro de Março - S/N";"4PM-7PM";17;18;13,17088630489;10,7616091079578;17,2038073561177;9,70748958124943;19,186411666759
"Weekday";"2023-04-05";"R Primeiro de Março - S/N";"4PM-7PM";18;19;9,05975861763179;7,22457674380381;12,2735707181667;6,70853554781782;13,551241806592
"Weekday";"2023-04-05";"Senador Pompeu - O/E";"6AM-9AM";6;37;19,7066984335336;17,7360285901803;22,1700357377253;14,7800238251502;29,5600476503005
"Weekday";"2023-04-05";"Senador Pompeu - O/E";"6AM-9AM";7;28;16,0773680001224;14,7800238251502;19,7066984335336;11,8240190601202;19,8410622864895
"Weekday";"2023-04-05";"Senador Pompeu - O/E";"6AM-9AM";8;32;14,7800238251502;14,7494865858421;17,7808165411656;11,8240190601202;19,7066984335336
"Weekday";"2023-04-05";"Senador Pompeu - O/E";"4PM-7PM";16;8;11,4893770112489;10,2721813263314;14,0066504854621;8,12901310383262;15,0546968342902
"Weekday";"2023-04-05";"Senador Pompeu - O/E";"4PM-7PM";17;20;14,7800238251502;11,8240190601202;19,3853935677695;8,90640396736325;20,3020504649236
"Weekday";"2023-04-05";"Senador Pompeu - O/E";"4PM-7PM";18;16;14,7800238251502;11,8240190601202;15,2289497824562;8,5162971505879;19,7066984335336
"Weekday";"2023-04-06";"Av Graça Aranha - N/S - 1";"6AM-9AM";6;21;24,6161434762486;21,5708473760941;34,8728699246855;17,4364349623427;34,8728699246855
"Weekday";"2023-04-06";"Av Graça Aranha - N/S - 1";"6AM-9AM";7;16;17,0808739135305;13,9491479698742;21,085503310132;11,5290089095272;23,8136496013477
"Weekday";"2023-04-06";"Av Graça Aranha - N/S - 1";"6AM-9AM";8;25;15,6147178767248;11,6242899748952;20,9237219548113;11,5857564169673;24,9922234460246
"Weekday";"2023-04-06";"Av Graça Aranha - N/S - 1";"4PM-7PM";16;17;17,4364349623427;13,9491479698742;23,2485799497903;11,6242899748952;27,8982959397484
"Weekday";"2023-04-06";"Av Graça Aranha - N/S - 1";"4PM-7PM";17;17;15,7321217705348;13,3272114361855;17,4364349623427;11,5970078355787;20,4093728408779
"Weekday";"2023-04-06";"Av Graça Aranha - N/S - 1";"4PM-7PM";18;18;13,4214663854875;11,6242899748952;17,4364349623427;11,4582286895395;18,9236871333851
"Weekday";"2023-04-06";"Av Passos - N/S - 1";"6AM-9AM";6;42;25,4196585587122;18,5479285718314;25,4196585587122;16,9464390391415;26,2085445139826
"Weekday";"2023-04-06";"Av Passos - N/S - 1";"6AM-9AM";7;51;16,9464390391415;16,762238614803;24,0917659474362;12,7098292793561;25,4196585587122
"Weekday";"2023-04-06";"Av Passos - N/S - 1";"6AM-9AM";8;47;12,7098292793561;10,1678634234849;16,9464390391415;9,49000586191922;20,410490548613
"Weekday";"2023-04-06";"Av Passos - N/S - 1";"9AM-4PM";15;1;7,40378404622685;7,40378404622685;7,40378404622685;7,40378404622685;7,40378404622685
"Weekday";"2023-04-06";"Av Passos - N/S - 1";"4PM-7PM";16;39;15,4058536719468;12,6573093236563;23,2421722217733;10,811584273317;25,8818341688706
"Weekday";"2023-04-06";"Av Passos - N/S - 1";"4PM-7PM";17;46;12,9289642669312;11,0926579068549;17,5375938893441;10,1678634234849;25,4196585587122
"Weekday";"2023-04-06";"Av Passos - N/S - 1";"4PM-7PM";18;52;16,3997797152982;12,7098292793561;19,186953815951;8,68528668966949;25,4196585587122
"Weekday";"2023-04-06";"Av Passos - N/S - 1";"7PM-6AM";5;1;25,4196585587122;25,4196585587122;25,4196585587122;25,4196585587122;25,4196585587122
"Weekday";"2023-04-06";"Presidente Vargas - E/O - 1";"6AM-9AM";6;43;37,6792031069653;32,5968919902118;50,2389374759537;30,1433624855722;50,2389374759537
"Weekday";"2023-04-06";"Presidente Vargas - E/O - 1";"6AM-9AM";7;53;37,6792031069653;30,1433624855722;37,6792031069653;30,1433624855722;50,2389374759537
"Weekday";"2023-04-06";"Presidente Vargas - E/O - 1";"6AM-9AM";8;56;37,6792031069653;37,6792031069653;43,6002207380598;30,1433624855722;50,2389374759537
"Weekday";"2023-04-06";"Presidente Vargas - E/O - 1";"9AM-4PM";15;1;37,6792031069653;37,6792031069653;37,6792031069653;37,6792031069653;37,6792031069653
"Weekday";"2023-04-06";"Presidente Vargas - E/O - 1";"4PM-7PM";16;42;30,1433624855722;30,1433624855722;37,6792031069653;21,5309732039802;37,6792031069653
"Weekday";"2023-04-06";"Presidente Vargas - E/O - 1";"4PM-7PM";17;32;37,6792031069653;30,1433624855722;37,6792031069653;25,3645367256644;37,6792031069653
"Weekday";"2023-04-06";"Presidente Vargas - E/O - 1";"4PM-7PM";18;32;16,7463124919846;13,7015284025328;28,5488429612233;13,7015284025328;35,5691677329752
"Weekday";"2023-04-06";"Presidente Vargas - E/O - 2";"6AM-9AM";6;19;20,1025757421441;17,7776099621202;21,2193855055966;14,2409636372919;27,7738130605749
"Weekday";"2023-04-06";"Presidente Vargas - E/O - 2";"6AM-9AM";7;16;16,7521464517868;15,187385519477;20,1025757421441;11,7904684005352;26,8034343228588
"Weekday";"2023-04-06";"Presidente Vargas - E/O - 2";"6AM-9AM";8;13;20,1025757421441;14,3589826729601;22,2537738842924;12,5641098388401;22,336195269049
"Weekday";"2023-04-06";"Presidente Vargas - E/O - 2";"4PM-7PM";16;8;14,2083639735934;13,8205208227241;17,5897537743761;13,1504349646526;20,1025757421441
"Weekday";"2023-04-06";"Presidente Vargas - E/O - 2";"4PM-7PM";17;20;14,2083639735934;11,1836376590624;14,6351169551324;10,5729299887162;15,5923824666631
"Weekday";"2023-04-06";"Presidente Vargas - E/O - 2";"4PM-7PM";18;10;13,4166411226337;12,7735116694874;16,1235480858661;9,85026211365062;18,4248645028594
"Weekday";"2023-04-06";"Presidente Vargas - O/E - 1";"6AM-9AM";6;70;30,1114894224597;29,9107461596433;37,3884326995541;29,9107461596433;37,3884326995541
"Weekday";"2023-04-06";"Presidente Vargas - O/E - 1";"6AM-9AM";7;82;29,9107461596433;29,9107461596433;37,3884326995541;24,9256217997028;37,3884326995541
"Weekday";"2023-04-06";"Presidente Vargas - O/E - 1";"6AM-9AM";8;90;29,9107461596433;28,8610249462961;37,3884326995541;23,8458944037709;37,3884326995541
"Weekday";"2023-04-06";"Presidente Vargas - O/E - 1";"4PM-7PM";16;40;37,3884326995541;36,7363088733991;37,3884326995541;29,9107461596433;49,8512435994055
"Weekday";"2023-04-06";"Presidente Vargas - O/E - 1";"4PM-7PM";17;45;37,3884326995541;35,892895391572;37,3884326995541;29,9107461596433;49,8512435994055
"Weekday";"2023-04-06";"Presidente Vargas - O/E - 1";"4PM-7PM";18;52;37,3884326995541;37,3884326995541;37,3884326995541;29,9107461596433;42,2269357547905
"Weekday";"2023-04-06";"Presidente Vargas - O/E - 2";"6AM-9AM";6;12;13,9372281511203;13,1574536799963;15,5569763367172;10,8228520783314;23,0211689917318
"Weekday";"2023-04-06";"Presidente Vargas - O/E - 2";"6AM-9AM";7;9;12,8840113502653;12,2086397875498;15,5268854733967;10,3598104188009;17,1266251888375
"Weekday";"2023-04-06";"Presidente Vargas - O/E - 2";"6AM-9AM";8;18;14,7219202126791;13,6522741425378;15,5268854733967;11,0650051591389;17,2795414851664
"Weekday";"2023-04-06";"Presidente Vargas - O/E - 2";"4PM-7PM";16;10;18,3499555594688;13,666893984396;20,1849511154157;11,053663706061;23,5491096346516
"Weekday";"2023-04-06";"Presidente Vargas - O/E - 2";"4PM-7PM";17;7;13,4566340769438;13,0361142620393;16,9384205164327;11,606346891364;19,0839537818475
"Weekday";"2023-04-06";"Presidente Vargas - O/E - 2";"4PM-7PM";18;6;15,9032948182063;11,7745548173258;18,3499555594688;11,2138617307865;19,2674533374422
"Weekday";"2023-04-06";"R Camerino - N/S - 1";"6AM-9AM";6;16;21,810151524463;19,3868013550783;29,0802020326174;16,9634511856935;29,0802020326174
"Weekday";"2023-04-06";"R Camerino - N/S - 1";"6AM-9AM";7;15;11,6320808130469;10,7720870334238;15,9941111179396;9,69340067753913;21,5973695583707
"Weekday";"2023-04-06";"R Camerino - N/S - 1";"6AM-9AM";8;16;13,5015223722866;9,35714634781588;15,5103684603532;8,30862915217639;19,3868013550783
"Weekday";"2023-04-06";"R Camerino - N/S - 1";"4PM-7PM";16;7;12,0331870479796;11,6320808130469;14,5401010163087;10,3027001486987;16,9349411837007
"Weekday";"2023-04-06";"R Camerino - N/S - 1";"4PM-7PM";17;10;14,5401010163087;13,0876582989052;19,7906930499757;11,45464229217;29,0802020326174
"Weekday";"2023-04-06";"R Camerino - N/S - 1";"4PM-7PM";18;8;14,5401010163087;9,55492352500285;17,0669729405021;8,07226297801965;18,0297252602228
"Weekday";"2023-04-06";"R da Carioca - O/E - 1";"6AM-9AM";6;15;18,1668102404628;15,139008533719;24,9793640806364;11,8228447596663;29,7626465641625
"Weekday";"2023-04-06";"R da Carioca - O/E - 1";"6AM-9AM";7;18;15,139008533719;11,8447985629994;15,139008533719;9,33572192912674;18,1668102404628
"Weekday";"2023-04-06";"R da Carioca - O/E - 1";"6AM-9AM";8;21;12,976293028902;10,0926723558127;15,139008533719;9,08340512023142;20,036923059334
"Weekday";"2023-04-06";"R da Carioca - O/E - 1";"4PM-7PM";16;17;12,976293028902;10,0926723558127;18,1668102404628;9,68896546158019;24,1059597421526
"Weekday";"2023-04-06";"R da Carioca - O/E - 1";"4PM-7PM";17;16;12,36103775598;10,9574678701716;14,0549338020331;8,03531991405088;16,6529093870909
"Weekday";"2023-04-06";"R da Carioca - O/E - 1";"4PM-7PM";18;12;13,2048120014414;9,84035554691738;16,1483824120767;8,8970029956143;17,9721658450293
"Weekday";"2023-04-06";"R Primeiro de Março - S/N";"6AM-9AM";6;13;31,3064992231498;23,4798744173624;31,3064992231498;20,6822723591235;31,3064992231498
"Weekday";"2023-04-06";"R Primeiro de Março - S/N";"6AM-9AM";7;18;23,4798744173624;17,9751610862953;23,4798744173624;14,7070932773958;32,480492944018
"Weekday";"2023-04-06";"R Primeiro de Março - S/N";"6AM-9AM";8;19;23,4798744173624;18,7838995338899;23,4798744173624;14,8133191446124;31,3064992231498
"Weekday";"2023-04-06";"R Primeiro de Março - S/N";"9AM-4PM";15;1;19,8421473949541;19,8421473949541;19,8421473949541;19,8421473949541;19,8421473949541
"Weekday";"2023-04-06";"R Primeiro de Março - S/N";"4PM-7PM";16;21;15,6532496115749;13,4170710956356;20,1256066434535;13,290494953224;23,4798744173624
"Weekday";"2023-04-06";"R Primeiro de Março - S/N";"4PM-7PM";17;12;15,6532496115749;13,920211261722;18,7838995338899;13,3598418824315;22,3286031556078
"Weekday";"2023-04-06";"R Primeiro de Março - S/N";"4PM-7PM";18;20;15,6532496115749;15,4669014019133;18,7838995338899;14,0208392949392;19,2534970222372
"Weekday";"2023-04-06";"Senador Pompeu - O/E";"6AM-9AM";6;27;19,7066984335336;14,7800238251502;22,1700357377253;14,7800238251502;27,2466526167987
"Weekday";"2023-04-06";"Senador Pompeu - O/E";"6AM-9AM";7;27;14,7800238251502;11,0678317946474;19,7066984335336;9,29030069009443;25,1260405027554
"Weekday";"2023-04-06";"Senador Pompeu - O/E";"6AM-9AM";8;17;11,8240190601202;9,85334921676682;15,835739812661;9,45921524809615;18,5242965275216
"Weekday";"2023-04-06";"Senador Pompeu - O/E";"4PM-7PM";16;7;11,0850178688627;8,25795990230717;11,8240190601202;7,51653716409035;14,1888228721442
"Weekday";"2023-04-06";"Senador Pompeu - O/E";"4PM-7PM";17;13;11,8240190601202;9,38414211120649;11,8240190601202;8,44572790008584;14,7800238251502
"Weekday";"2023-04-06";"Senador Pompeu - O/E";"4PM-7PM";18;8;16,19762410863;14,0410226338927;19,7066984335336;11,8240190601202;20,79575282065
"Weekday";"2023-04-07";"Av Graça Aranha - N/S - 1";"6AM-9AM";6;15;27,5312130984359;22,1918263157089;34,8728699246855;18,0112624885738;42,5026226781795
"Weekday";"2023-04-07";"Av Graça Aranha - N/S - 1";"6AM-9AM";7;12;36,1183295648528;20,3721612570229;41,4455476896022;14,6418282628988;43,5021260029877
"Weekday";"2023-04-07";"Av Graça Aranha - N/S - 1";"6AM-9AM";8;12;24,7016161966522;21,2330780589819;34,8728699246855;13,0878300982404;50,5656613907939
"Weekday";"2023-04-07";"Av Graça Aranha - N/S - 1";"4PM-7PM";16;13;17,4364349623427;17,4364349623427;26,1546524435141;14,7974069680422;36,9763128725236
"Weekday";"2023-04-07";"Av Graça Aranha - N/S - 1";"4PM-7PM";17;7;17,4364349623427;15,6927914661085;34,5870267285815;13,9491479698742;34,8728699246855
"Weekday";"2023-04-07";"Av Graça Aranha - N/S - 1";"4PM-7PM";18;3;34,8728699246855;27,8982959397484;43,5910874058568;23,7135515487861;48,8220178945597
"Weekday";"2023-04-07";"Av Passos - N/S - 1";"6AM-9AM";6;15;25,4196585587122;25,4196585587122;25,4196585587122;23,2973341249677;31,984588737278
"Weekday";"2023-04-07";"Av Passos - N/S - 1";"6AM-9AM";7;19;25,4196585587122;22,6064157142697;30,5524742292214;16,9464390391415;44,8582209859627
"Weekday";"2023-04-07";"Av Passos - N/S - 1";"6AM-9AM";8;13;25,4196585587122;25,4196585587122;25,4196585587122;16,9845209246227;35,5875219821971
"Weekday";"2023-04-07";"Av Passos - N/S - 1";"9AM-4PM";15;1;25,4196585587122;25,4196585587122;25,4196585587122;25,4196585587122;25,4196585587122
"Weekday";"2023-04-07";"Av Passos - N/S - 1";"4PM-7PM";16;14;30,4444747854344;23,4278196417982;37,1995003298227;18,4937226035848;38,1294878380683
"Weekday";"2023-04-07";"Av Passos - N/S - 1";"4PM-7PM";17;11;25,4196585587122;25,4196585587122;38,1294878380683;25,4196585587122;39,1071670134034
"Weekday";"2023-04-07";"Av Passos - N/S - 1";"4PM-7PM";18;15;25,4196585587122;25,4196585587122;27,2440359672322;23,826187425181;30,0343042662938
"Weekday";"2023-04-07";"Presidente Vargas - E/O - 1";"6AM-9AM";6;25;50,2389374759537;37,6792031069653;50,2389374759537;33,1576987341294;50,2389374759537
"Weekday";"2023-04-07";"Presidente Vargas - E/O - 1";"6AM-9AM";7;23;37,6792031069653;37,6792031069653;50,2389374759537;37,4300844087374;50,2389374759537
"Weekday";"2023-04-07";"Presidente Vargas - E/O - 1";"6AM-9AM";8;24;41,6754822243707;37,6792031069653;50,2389374759537;32,4041146719901;50,2389374759537
"Weekday";"2023-04-07";"Presidente Vargas - E/O - 1";"4PM-7PM";16;29;50,2389374759537;37,6792031069653;50,2389374759537;30,1433624855722;50,2389374759537
"Weekday";"2023-04-07";"Presidente Vargas - E/O - 1";"4PM-7PM";17;22;37,6792031069653;37,6792031069653;50,2389374759537;37,6792031069653;50,2389374759537
"Weekday";"2023-04-07";"Presidente Vargas - E/O - 1";"4PM-7PM";18;19;37,6792031069653;37,6792031069653;50,2389374759537;30,1433624855722;50,2389374759537
"Weekday";"2023-04-07";"Presidente Vargas - E/O - 2";"6AM-9AM";6;15;18,2750688564947;16,107833126718;21,2193855055966;13,2977968971296;23,4664605718202
"Weekday";"2023-04-07";"Presidente Vargas - E/O - 2";"6AM-9AM";7;15;20,1025757421441;15,4635198016493;23,7322074733646;13,7846233660417;25,1282196776802
"Weekday";"2023-04-07";"Presidente Vargas - E/O - 2";"6AM-9AM";8;13;18,3306161782469;16,7521464517868;22,336195269049;15,4635198016493;37,9077142566146
"Weekday";"2023-04-07";"Presidente Vargas - E/O - 2";"4PM-7PM";16;7;15,4635198016493;14,9112512373047;19,5441708604179;13,6410335393121;24,8889032997975
"Weekday";"2023-04-07";"Presidente Vargas - E/O - 2";"4PM-7PM";17;13;18,2750688564947;15,4635198016493;22,336195269049;13,5931702637356;22,6733453863177
"Weekday";"2023-04-07";"Presidente Vargas - E/O - 2";"4PM-7PM";18;9;16,7521464517868;15,1147186031159;20,1025757421441;12,1673484755083;22,8946001507753
"Weekday";"2023-04-07";"Presidente Vargas - O/E - 1";"6AM-9AM";6;46;37,3884326995541;29,9107461596433;37,3884326995541;29,9107461596433;49,8512435994055
"Weekday";"2023-04-07";"Presidente Vargas - O/E - 1";"6AM-9AM";7;33;37,3884326995541;37,3884326995541;40,4199272427612;29,9107461596433;49,8512435994055
"Weekday";"2023-04-07";"Presidente Vargas - O/E - 1";"6AM-9AM";8;25;37,3884326995541;37,3884326995541;46,2537311747062;37,3884326995541;49,8512435994055
"Weekday";"2023-04-07";"Presidente Vargas - O/E - 1";"9AM-4PM";15;1;37,3884326995541;37,3884326995541;37,3884326995541;37,3884326995541;37,3884326995541
"Weekday";"2023-04-07";"Presidente Vargas - O/E - 1";"4PM-7PM";16;29;37,3884326995541;37,3884326995541;49,8512435994055;37,3884326995541;49,8512435994055
"Weekday";"2023-04-07";"Presidente Vargas - O/E - 1";"4PM-7PM";17;41;37,3884326995541;37,3884326995541;37,3884326995541;29,9107461596433;49,8512435994055
"Weekday";"2023-04-07";"Presidente Vargas - O/E - 1";"4PM-7PM";18;33;37,3884326995541;37,3884326995541;37,3884326995541;29,9107461596433;49,8512435994055
"Weekday";"2023-04-07";"Presidente Vargas - O/E - 2";"6AM-9AM";6;7;13,9849545834289;13,0757859426907;16,3838888923828;12,3663629475133;22,5442311159188
"Weekday";"2023-04-07";"Presidente Vargas - O/E - 2";"6AM-9AM";7;3;9,61188148353127;9,19397359294295;9,61188148353127;8,94322885858996;9,61188148353127
"Weekday";"2023-04-07";"Presidente Vargas - O/E - 2";"6AM-9AM";8;5;20,1849511154157;16,8207925961797;25,2311888942696;16,8207925961797;25,2311888942696
"Weekday";"2023-04-07";"Presidente Vargas - O/E - 2";"9AM-4PM";15;1;18,3499555594688;18,3499555594688;18,3499555594688;18,3499555594688;18,3499555594688
"Weekday";"2023-04-07";"Presidente Vargas - O/E - 2";"4PM-7PM";16;5;16,8207925961797;12,6155944471348;20,1849511154157;9,22243456135371;25,3753671165225
"Weekday";"2023-04-07";"Presidente Vargas - O/E - 2";"4PM-7PM";17;5;18,3499555594688;14,4178222252969;20,1849511154157;11,2721155579594;20,7777958334908
"Weekday";"2023-04-07";"Presidente Vargas - O/E - 2";"4PM-7PM";18;1;14,4178222252969;14,4178222252969;14,4178222252969;14,4178222252969;14,4178222252969
"Weekday";"2023-04-07";"R Camerino - N/S - 1";"6AM-9AM";6;12;29,0802020326174;27,2626894055788;29,0802020326174;19,8251826778546;29,0802020326174
"Weekday";"2023-04-07";"R Camerino - N/S - 1";"6AM-9AM";7;8;29,0802020326174;29,0802020326174;29,0802020326174;26,1721818293556;29,0802020326174
"Weekday";"2023-04-07";"R Camerino - N/S - 1";"6AM-9AM";8;5;29,0802020326174;29,0802020326174;29,0802020326174;23,2641616260939;29,0802020326174
"Weekday";"2023-04-07";"R Camerino - N/S - 1";"4PM-7PM";16;5;29,0802020326174;14,5401010163087;29,0802020326174;12,3590858638624;29,0802020326174
"Weekday";"2023-04-07";"R Camerino - N/S - 1";"4PM-7PM";17;4;19,3868013550783;19,3868013550783;21,810151524463;19,3868013550783;26,1721818293556
"Weekday";"2023-04-07";"R Camerino - N/S - 1";"4PM-7PM";18;2;27,1836671174467;26,2353996598613;28,131934575032;25,6664391853101;28,7008950495832
"Weekday";"2023-04-07";"R da Carioca - O/E - 1";"6AM-9AM";6;12;25,696475011181;20,3848510256356;30,2780170674381;18,1668102404628;30,2780170674381
"Weekday";"2023-04-07";"R da Carioca - O/E - 1";"6AM-9AM";7;6;12,1345252050485;11,3542564002893;16,8538061827991;11,0203076826337;21,0352539626412
"Weekday";"2023-04-07";"R da Carioca - O/E - 1";"6AM-9AM";8;7;22,7085128005786;19,8969826443165;27,1691135292636;16,0906033558385;29,1425914274092
"Weekday";"2023-04-07";"R da Carioca - O/E - 1";"4PM-7PM";16;4;16,6529093870909;14,1928205003616;19,3022358804918;12,4896820403182;21,3460020325438
"Weekday";"2023-04-07";"R da Carioca - O/E - 1";"4PM-7PM";17;6;16,6529093870909;13,5169719051063;27,2502153606943;12,1652747145957;33,5513162098638
"Weekday";"2023-04-07";"R da Carioca - O/E - 1";"4PM-7PM";18;1;15,139008533719;15,139008533719;15,139008533719;15,139008533719;15,139008533719
"Weekday";"2023-04-07";"R Primeiro de Março - S/N";"6AM-9AM";6;5;27,8968804958761;18,7838995338899;31,3064992231498;14,5575221387647;31,3064992231498
"Weekday";"2023-04-07";"R Primeiro de Março - S/N";"6AM-9AM";7;7;31,3064992231498;21,749778407662;33,2631554245967;17,5316395649639;39,9157865095161
"Weekday";"2023-04-07";"R Primeiro de Março - S/N";"6AM-9AM";8;10;31,3064992231498;31,0484786251568;31,3064992231498;23,4798744173624;46,9597488347248
"Weekday";"2023-04-07";"R Primeiro de Março - S/N";"4PM-7PM";16;10;27,3931868202561;19,957893254758;31,3064992231498;15,6532496115749;36,3938053469117
"Weekday";"2023-04-07";"R Primeiro de Março - S/N";"4PM-7PM";17;3;24,7156572814341;24,0977658493982;28,011078252292;23,7270309901767;29,9883308348067
"Weekday";"2023-04-07";"R Primeiro de Março - S/N";"4PM-7PM";18;6;27,7980122412451;20,1603059652525;31,3064992231498;18,7838995338899;31,3064992231498
"Weekday";"2023-04-07";"Senador Pompeu - O/E";"6AM-9AM";6;14;29,5600476503005;29,1966044414853;29,5600476503005;21,2688147727772;29,5600476503005
"Weekday";"2023-04-07";"Senador Pompeu - O/E";"6AM-9AM";7;14;19,7066984335336;19,7066984335336;22,6665409197776;14,7800238251502;29,5600476503005
"Weekday";"2023-04-07";"Senador Pompeu - O/E";"6AM-9AM";8;9;17,7360285901803;14,7800238251502;19,7066984335336;13,8280900872592;20,372119419601
"Weekday";"2023-04-07";"Senador Pompeu - O/E";"9AM-4PM";15;1;18,2845655568869;18,2845655568869;18,2845655568869;18,2845655568869;18,2845655568869
"Weekday";"2023-04-07";"Senador Pompeu - O/E";"4PM-7PM";16;9;23,6480381202404;19,7066984335336;29,5600476503005;14,7800238251502;29,5600476503005
"Weekday";"2023-04-07";"Senador Pompeu - O/E";"4PM-7PM";17;12;21,162306840556;19,7066984335336;24,7741351735851;19,7066984335336;29,4192855186324
"Weekday";"2023-04-07";"Senador Pompeu - O/E";"4PM-7PM";18;9;23,3368797239214;19,7066984335336;33,4642048871326;16,866615423995;36,4729425814324
